dbICC,var_w,var_b
0.553356847774588,241.000846660387,298.581693583639
