dbICC,var_w,var_b
0.401635033947474,397.974563510551,267.128820024801
