dbICC,var_w,var_b
0.422883774291016,355.64062013172,260.596810543214
