dbICC,var_w,var_b
0.348151985373172,691.697147996832,369.43540510731
