dbICC,var_w,var_b
0.357857997617247,688.618796067721,383.758954511605
