dbICC,var_w,var_b
0.55950073219243,242.688037675498,308.250534557305
