dbICC,var_w,var_b
0.56375580732037,254.271761732754,328.593903872763
