dbICC,var_w,var_b
0.418428459141379,388.61801516081,279.60246651383
