dbICC,var_w,var_b
0.700427585743349,123.076283048619,287.763557976185
