dbICC,var_w,var_b
0.418926459028705,367.41115753574,264.886015936645
