dbICC,var_w,var_b
0.568485017443583,240.758757404897,317.179592681059
