dbICC,var_w,var_b
0.361604683582456,692.541942469459,392.274823348573
