dbICC,var_w,var_b
0.689341172629931,119.582063526283,265.348455070673
