dbICC,var_w,var_b
0.684204754975408,120.502905221243,261.082654155559
