dbICC,var_w,var_b
0.67320281933615,128.993670787829,265.727209379478
