dbICC,var_w,var_b
0.370214269479354,731.754420783692,430.155710426725
